{"cameraMode":{"drawMode":0,"name":"Shaded","section":"Shading Mode"},"sceneLighting":true,"audioPlay":false,"sceneViewState":{"m_AlwaysRefresh":false,"showFog":true,"showSkybox":false,"showFlares":true,"showImageEffects":true,"showParticleSystems":true,"showVisualEffectGraphs":true,"m_FxEnabled":true},"in2DMode":false,"pivot":{"x":51.633514404296878,"y":-17.901756286621095,"z":-35.877410888671878},"rotation":{"x":0.08471532166004181,"y":0.8510496020317078,"z":-0.15088701248168946,"w":0.4967339038848877},"size":29.37351417541504,"orthographic":false}