{"cameraMode":{"drawMode":0,"name":"Shaded","section":"Shading Mode"},"sceneLighting":true,"audioPlay":false,"sceneViewState":{"m_AlwaysRefresh":false,"showFog":true,"showSkybox":true,"showFlares":true,"showImageEffects":true,"showParticleSystems":true,"showVisualEffectGraphs":true,"m_FxEnabled":true},"in2DMode":false,"pivot":{"x":-19.32662582397461,"y":10.487821578979493,"z":6.16164493560791},"rotation":{"x":0.05182342976331711,"y":0.05568522587418556,"z":0.008307848125696183,"w":-0.9979705810546875},"size":13.388788223266602,"orthographic":false}